{"ParkingExit": 332.2846207218311, "VehicleOpensDoorTwoWays": 376.09937646273687, "OppositeVehicleRunningRedLight": 442.9056395964543, "HazardAtSideLane": 602.9902582952078, "SignalizedJunctionLeftTurn": 386.7899372601873, "ParkedObstacleTwoWays": 542.913899341028, "DynamicObjectCrossing": 405.85569610313735, "OppositeVehicleTakingPriority": 439.99086029346574, "ConstructionObstacleTwoWays": 572.3891069447188, "NonSignalizedJunctionRightTurn": 442.51412116204324, "Accident": 694.986857246371, "BlockedIntersection": 431.2516529407941, "NonSignalizedJunctionLeftTurn": 417.4084791556461, "ControlLoss": 459.88091931765734, "HardBreakRoute": 525.878957170302, "InvadingTurn": 534.540731558974, "AccidentTwoWays": 612.7670100947649, "VehicleTurningRoutePedestrian": 373.75304430926514, "VehicleTurningRoute": 436.8996644124796, "ConstructionObstacle": 600.1745651865962, "PriorityAtJunction": 369.19024157358757, "ParkingCutIn": 326.139695590123, "SignalizedJunctionRightTurn": 397.31016636682364, "PedestrianCrossing": 317.72453581392745, "HazardAtSideLaneTwoWays": 630.8819602083211, "ParkingCrossingPedestrian": 300.0108305463402, "CrossingBicycleFlow": 431.2570527932087, "ParkedObstacle": 722.4238639385981, "InterurbanAdvancedActorFlow": 735.2682124257993, "InterurbanActorFlow": 633.2373303933472, "EnterActorFlowV2": 1104.1098864347641, "StaticCutIn": 772.5822918612421, "YieldToEmergencyVehicle": 963.9932715236131, "HighwayCutIn": 935.6750551701703, "MergerIntoSlowTraffic": 1024.770468490563, "EnterActorFlow": 832.1851352651476, "HighwayExit": 1139.486123502159, "MergerIntoSlowTrafficV2": 1560.6884397550966}